"_record_id","nestedsubplotareaother"
"f97aee09-9315-42be-a1e2-8075ddf5168e","noneSelected"
"5b30a961-37a8-4b98-b433-75e570b36564","noneSelected"
"81953dcb-b3a8-4a37-b45a-ca66995271ed","noneSelected"
"c39c391b-1dbd-4b57-bd44-1cf150058552","noneSelected"
"289e76c6-15b2-4a2e-a464-f0bf78a32879","noneSelected"
"5607aeb0-c794-448d-b612-7fd249fe1dca","noneSelected"
"d99c782a-b94c-433f-b40e-262ccb1033f4","noneSelected"
"b000464b-6e82-4a19-a813-0b68d3b71bda","noneSelected"
"8e4bb941-fcda-4863-86f2-2312b0ae6512","noneSelected"
